input_data/a_most_awful_time-1,NoNeg,NoNeg
input_data/a_most_awful_time-2,NoNeg,NoNeg
input_data/a_most_awful_time-3,NoNeg,NoNeg
input_data/a_most_awful_time-4,NoNeg,NoNeg
input_data/a_most_awful_time-5,NoNeg,NoNeg
input_data/a_most_awful_time-6,Neg,Neg
input_data/a_most_awful_time-7,NoNeg,NoNeg
input_data/a_most_awful_time-8,Neg,Neg
input_data/a_most_awful_time-9,NoNeg,NoNeg
input_data/a_most_awful_time-10,NoNeg,NoNeg
input_data/a_most_awful_time-11,NoNeg,NoNeg
input_data/a_most_awful_time-12,NoNeg,Neg
input_data/a_most_awful_time-13,NoNeg,NoNeg
input_data/a_most_awful_time-14,NoNeg,NoNeg
input_data/a_most_awful_time-15,NoNeg,NoNeg
input_data/a_most_awful_time-16,NoNeg,NoNeg
input_data/a_most_awful_time-17,NoNeg,NoNeg
input_data/a_noisy_business-1,NoNeg,NoNeg
input_data/a_noisy_business-2,NoNeg,NoNeg
input_data/a_noisy_business-3,NoNeg,NoNeg
input_data/a_noisy_business-4,NoNeg,NoNeg
input_data/a_noisy_business-5,NoNeg,NoNeg
input_data/a_noisy_business-6,NoNeg,NoNeg
input_data/a_noisy_business-7,NoNeg,NoNeg
input_data/a_noisy_business-8,NoNeg,NoNeg
input_data/a_noisy_business-9,NoNeg,NoNeg
input_data/a_noisy_business-10,NoNeg,NoNeg
input_data/a_noisy_business-11,NoNeg,NoNeg
input_data/a_noisy_business-12,NoNeg,NoNeg
input_data/a_noisy_business-13,NoNeg,NoNeg
input_data/a_noisy_business-14,NoNeg,NoNeg
input_data/a_noisy_business-15,NoNeg,NoNeg
input_data/a_noisy_business-16,NoNeg,NoNeg
input_data/a_noisy_business-17,NoNeg,NoNeg
input_data/a_noisy_business-18,NoNeg,NoNeg
input_data/a_noisy_business-19,NoNeg,NoNeg
input_data/a_noisy_business-20,NoNeg,NoNeg
input_data/a_noisy_business-21,NoNeg,NoNeg
input_data/a_noisy_business-22,NoNeg,NoNeg
input_data/a_noisy_business-23,NoNeg,NoNeg
input_data/a_noisy_business-24,NoNeg,NoNeg
input_data/a_noisy_business-25,Neg,Neg
input_data/a_noisy_business-26,NoNeg,NoNeg
input_data/a_noisy_business-27,NoNeg,NoNeg
input_data/a_noisy_business-28,NoNeg,NoNeg
input_data/a_noisy_business-29,NoNeg,NoNeg
input_data/a_noisy_business-30,NoNeg,NoNeg
input_data/a_noisy_business-31,NoNeg,NoNeg
input_data/an_everlasting_nightmare-1,NoNeg,NoNeg
input_data/an_everlasting_nightmare-2,NoNeg,NoNeg
input_data/an_everlasting_nightmare-3,NoNeg,NoNeg
input_data/an_everlasting_nightmare-4,Neg,Neg
input_data/an_everlasting_nightmare-5,Neg,Neg
input_data/an_everlasting_nightmare-6,NoNeg,Neg
input_data/an_everlasting_nightmare-7,Neg,Neg
input_data/an_everlasting_nightmare-8,Neg,Neg
input_data/an_everlasting_nightmare-9,Neg,Neg
input_data/an_everlasting_nightmare-10,NoNeg,NoNeg
input_data/an_everlasting_nightmare-11,NoNeg,NoNeg
input_data/an_everlasting_nightmare-12,NoNeg,NoNeg
input_data/an_everlasting_nightmare-13,NoNeg,NoNeg
input_data/an_everlasting_nightmare-14,NoNeg,NoNeg
input_data/an_everlasting_nightmare-15,Neg,Neg
input_data/an_everlasting_nightmare-16,Neg,Neg
input_data/an_everlasting_nightmare-17,Neg,Neg
input_data/an_everlasting_nightmare-18,Neg,Neg
input_data/an_everlasting_nightmare-19,NoNeg,Neg
input_data/an_everlasting_nightmare-20,NoNeg,NoNeg
input_data/an_everlasting_nightmare-21,NoNeg,NoNeg
input_data/an_everlasting_nightmare-22,NoNeg,NoNeg
input_data/an_everlasting_nightmare-23,NoNeg,Neg
input_data/an_everlasting_nightmare-24,NoNeg,NoNeg
input_data/an_everlasting_nightmare-25,NoNeg,NoNeg
input_data/an_everlasting_nightmare-26,NoNeg,NoNeg
input_data/an_everlasting_nightmare-27,Neg,Neg
input_data/an_everlasting_nightmare-28,NoNeg,NoNeg
input_data/an_everlasting_nightmare-29,NoNeg,NoNeg
input_data/an_everlasting_nightmare-30,NoNeg,NoNeg
input_data/an_everlasting_nightmare-31,NoNeg,NoNeg
input_data/an_everlasting_nightmare-32,NoNeg,NoNeg
input_data/an_everlasting_nightmare-33,NoNeg,Neg
input_data/an_everlasting_nightmare-34,NoNeg,NoNeg
input_data/an_everlasting_nightmare-35,NoNeg,NoNeg
input_data/an_everlasting_nightmare-36,NoNeg,Neg
input_data/an_everlasting_nightmare-37,NoNeg,NoNeg
input_data/an_everlasting_nightmare-38,NoNeg,NoNeg
input_data/an_everlasting_nightmare-39,NoNeg,NoNeg
input_data/an_everlasting_nightmare-40,NoNeg,NoNeg
input_data/an_interesting_souvenir-1,NoNeg,NoNeg
input_data/an_interesting_souvenir-2,NoNeg,NoNeg
input_data/an_interesting_souvenir-3,NoNeg,NoNeg
input_data/an_interesting_souvenir-4,NoNeg,NoNeg
input_data/an_interesting_souvenir-5,NoNeg,NoNeg
input_data/an_interesting_souvenir-6,NoNeg,Neg
input_data/an_interesting_souvenir-7,NoNeg,NoNeg
input_data/an_interesting_souvenir-8,NoNeg,NoNeg
input_data/an_interesting_souvenir-9,NoNeg,NoNeg
input_data/an_interesting_souvenir-10,NoNeg,NoNeg
input_data/an_interesting_souvenir-11,NoNeg,NoNeg
input_data/an_interesting_souvenir-12,Neg,Neg
input_data/an_interesting_souvenir-13,NoNeg,NoNeg
input_data/an_interesting_souvenir-14,NoNeg,Neg
input_data/an_interesting_souvenir-15,NoNeg,NoNeg
input_data/an_interesting_souvenir-16,NoNeg,NoNeg
input_data/an_interesting_souvenir-17,NoNeg,NoNeg
input_data/an_interesting_souvenir-18,Neg,Neg
input_data/an_interesting_souvenir-19,Neg,NoNeg
input_data/an_interesting_souvenir-20,NoNeg,NoNeg
input_data/an_interesting_souvenir-21,NoNeg,NoNeg
input_data/an_interesting_souvenir-22,NoNeg,NoNeg
input_data/an_interesting_souvenir-23,NoNeg,NoNeg
input_data/an_interesting_souvenir-24,NoNeg,NoNeg
input_data/an_interesting_souvenir-25,NoNeg,NoNeg
input_data/an_interesting_souvenir-26,NoNeg,NoNeg
input_data/awfully_desolate_spot-1,NoNeg,NoNeg
input_data/awfully_desolate_spot-2,NoNeg,NoNeg
input_data/awfully_desolate_spot-3,NoNeg,NoNeg
input_data/awfully_desolate_spot-4,NoNeg,NoNeg
input_data/awfully_desolate_spot-5,NoNeg,NoNeg
input_data/awfully_desolate_spot-6,Neg,Neg
input_data/awfully_desolate_spot-7,Neg,Neg
input_data/awfully_desolate_spot-8,NoNeg,NoNeg
input_data/awfully_desolate_spot-9,NoNeg,NoNeg
input_data/awfully_desolate_spot-10,NoNeg,NoNeg
input_data/awfully_desolate_spot-11,NoNeg,Neg
input_data/awfully_desolate_spot-12,NoNeg,NoNeg
input_data/awfully_desolate_spot-13,Neg,Neg
input_data/awfully_desolate_spot-14,NoNeg,Neg
input_data/awfully_desolate_spot-15,NoNeg,NoNeg
input_data/awfully_desolate_spot-16,Neg,Neg
input_data/awfully_desolate_spot-17,NoNeg,NoNeg
input_data/awfully_desolate_spot-18,NoNeg,NoNeg
input_data/awfully_desolate_spot-19,NoNeg,NoNeg
input_data/awfully_desolate_spot-20,NoNeg,NoNeg
input_data/awfully_desolate_spot-21,NoNeg,NoNeg
input_data/awfully_desolate_spot-22,NoNeg,NoNeg
input_data/awfully_desolate_spot-23,Neg,Neg
input_data/awfully_desolate_spot-24,NoNeg,NoNeg
input_data/awfully_desolate_spot-25,NoNeg,NoNeg
input_data/awfully_desolate_spot-26,NoNeg,NoNeg
input_data/awfully_desolate_spot-27,NoNeg,NoNeg
input_data/awfully_desolate_spot-28,NoNeg,NoNeg
input_data/awfully_desolate_spot-29,NoNeg,NoNeg
input_data/awfully_desolate_spot-30,NoNeg,NoNeg
input_data/awfully_desolate_spot-31,NoNeg,NoNeg
input_data/awfully_desolate_spot-32,NoNeg,NoNeg
input_data/awfully_desolate_spot-33,NoNeg,NoNeg
input_data/awfully_desolate_spot-34,NoNeg,NoNeg
input_data/being_under_fire-1,NoNeg,NoNeg
input_data/being_under_fire-2,NoNeg,NoNeg
input_data/being_under_fire-3,NoNeg,NoNeg
input_data/being_under_fire-4,NoNeg,NoNeg
input_data/being_under_fire-5,NoNeg,NoNeg
input_data/being_under_fire-6,NoNeg,NoNeg
input_data/being_under_fire-7,NoNeg,NoNeg
input_data/being_under_fire-8,NoNeg,NoNeg
input_data/being_under_fire-9,NoNeg,NoNeg
input_data/being_under_fire-10,NoNeg,NoNeg
input_data/being_under_fire-11,NoNeg,NoNeg
input_data/being_under_fire-12,NoNeg,NoNeg
input_data/being_under_fire-13,NoNeg,NoNeg
input_data/being_under_fire-14,NoNeg,NoNeg
input_data/being_under_fire-15,NoNeg,NoNeg
input_data/being_under_fire-16,NoNeg,NoNeg
input_data/being_under_fire-17,NoNeg,NoNeg
input_data/being_under_fire-18,NoNeg,NoNeg
input_data/being_under_fire-19,NoNeg,NoNeg
input_data/being_under_fire-20,NoNeg,NoNeg
input_data/being_under_fire-21,Neg,Neg
input_data/being_under_fire-22,Neg,Neg
input_data/being_under_fire-23,NoNeg,Neg
input_data/being_under_fire-24,NoNeg,NoNeg
input_data/being_under_fire-25,NoNeg,NoNeg
input_data/being_under_fire-26,NoNeg,NoNeg
input_data/being_under_fire-27,Neg,Neg
input_data/being_under_fire-28,NoNeg,NoNeg
input_data/being_under_fire-29,NoNeg,NoNeg
input_data/being_under_fire-30,NoNeg,NoNeg
input_data/being_under_fire-31,NoNeg,NoNeg
input_data/being_under_fire-32,Neg,NoNeg
input_data/being_under_fire-33,NoNeg,NoNeg
input_data/being_under_fire-34,NoNeg,NoNeg
input_data/being_under_fire-35,NoNeg,NoNeg
input_data/being_under_fire-36,NoNeg,NoNeg
input_data/being_under_fire-37,NoNeg,NoNeg
input_data/being_under_fire-38,NoNeg,NoNeg
input_data/being_under_fire-39,NoNeg,NoNeg
input_data/being_under_fire-40,NoNeg,NoNeg
input_data/being_under_fire-41,NoNeg,NoNeg
input_data/being_under_fire-42,NoNeg,NoNeg
input_data/being_under_fire-43,NoNeg,NoNeg
input_data/being_under_fire-44,NoNeg,NoNeg
input_data/being_under_fire-45,NoNeg,NoNeg
input_data/being_under_fire-46,NoNeg,NoNeg
input_data/canaries_in_cages-1,NoNeg,NoNeg
input_data/canaries_in_cages-2,NoNeg,NoNeg
input_data/canaries_in_cages-3,NoNeg,NoNeg
input_data/canaries_in_cages-4,NoNeg,NoNeg
input_data/canaries_in_cages-5,NoNeg,NoNeg
input_data/canaries_in_cages-6,NoNeg,NoNeg
input_data/canaries_in_cages-7,NoNeg,NoNeg
input_data/canaries_in_cages-8,NoNeg,NoNeg
input_data/canaries_in_cages-9,NoNeg,NoNeg
input_data/canaries_in_cages-10,NoNeg,NoNeg
input_data/canaries_in_cages-11,NoNeg,NoNeg
input_data/canaries_in_cages-12,NoNeg,NoNeg
input_data/canaries_in_cages-13,NoNeg,NoNeg
input_data/canaries_in_cages-14,NoNeg,NoNeg
input_data/canaries_in_cages-15,NoNeg,NoNeg
input_data/caught_dysentery-1,NoNeg,NoNeg
input_data/caught_dysentery-2,NoNeg,NoNeg
input_data/caught_dysentery-3,NoNeg,NoNeg
input_data/caught_dysentery-4,NoNeg,NoNeg
input_data/caught_dysentery-5,NoNeg,NoNeg
input_data/caught_dysentery-6,NoNeg,NoNeg
input_data/caught_dysentery-7,NoNeg,NoNeg
input_data/caught_dysentery-8,NoNeg,NoNeg
input_data/caught_dysentery-9,NoNeg,NoNeg
input_data/caught_dysentery-10,NoNeg,NoNeg
input_data/caught_dysentery-11,NoNeg,NoNeg
input_data/caught_dysentery-12,NoNeg,NoNeg
input_data/caught_dysentery-13,NoNeg,NoNeg
input_data/caught_dysentery-14,NoNeg,NoNeg
input_data/caught_dysentery-15,Neg,Neg
input_data/caught_dysentery-16,Neg,Neg
input_data/caught_dysentery-17,NoNeg,NoNeg
input_data/caught_dysentery-18,NoNeg,NoNeg
input_data/caught_dysentery-19,NoNeg,NoNeg
input_data/caught_dysentery-20,NoNeg,NoNeg
input_data/caught_dysentery-21,NoNeg,NoNeg
input_data/caught_dysentery-22,Neg,Neg
input_data/caught_dysentery-23,NoNeg,NoNeg
input_data/caught_dysentery-24,Neg,Neg
input_data/caught_dysentery-25,NoNeg,NoNeg
input_data/caught_dysentery-26,NoNeg,NoNeg
input_data/caught_dysentery-27,NoNeg,NoNeg
input_data/caught_dysentery-28,NoNeg,NoNeg
input_data/caught_dysentery-29,NoNeg,NoNeg
input_data/caught_dysentery-30,NoNeg,NoNeg
input_data/caught_dysentery-31,NoNeg,NoNeg
input_data/caught_dysentery-32,NoNeg,NoNeg
input_data/caught_dysentery-33,NoNeg,NoNeg
input_data/caught_dysentery-34,NoNeg,NoNeg
input_data/caught_dysentery-35,NoNeg,NoNeg
input_data/caught_dysentery-36,NoNeg,NoNeg
input_data/caught_dysentery-37,NoNeg,NoNeg
input_data/caught_dysentery-38,NoNeg,NoNeg
input_data/caught_dysentery-39,NoNeg,NoNeg
input_data/caught_dysentery-40,NoNeg,NoNeg
input_data/caught_dysentery-41,NoNeg,NoNeg
input_data/caught_dysentery-42,NoNeg,NoNeg
input_data/caught_dysentery-43,NoNeg,NoNeg
input_data/do_you_like_the_photo-1,NoNeg,NoNeg
input_data/do_you_like_the_photo-2,NoNeg,NoNeg
input_data/do_you_like_the_photo-3,NoNeg,NoNeg
input_data/do_you_like_the_photo-4,NoNeg,NoNeg
input_data/do_you_like_the_photo-5,NoNeg,NoNeg
input_data/do_you_like_the_photo-6,NoNeg,NoNeg
input_data/do_you_like_the_photo-7,NoNeg,NoNeg
input_data/dodging_damned_great_bombs-1,NoNeg,NoNeg
input_data/dodging_damned_great_bombs-2,NoNeg,NoNeg
input_data/dodging_damned_great_bombs-3,NoNeg,NoNeg
input_data/dodging_damned_great_bombs-4,Neg,Neg
input_data/dodging_damned_great_bombs-5,Neg,Neg
input_data/dodging_damned_great_bombs-6,Neg,Neg
input_data/dodging_damned_great_bombs-7,NoNeg,NoNeg
input_data/dodging_damned_great_bombs-8,NoNeg,NoNeg
input_data/dodging_damned_great_bombs-9,Neg,NoNeg
input_data/dodging_damned_great_bombs-10,NoNeg,NoNeg
input_data/dodging_damned_great_bombs-11,NoNeg,NoNeg
input_data/dodging_damned_great_bombs-12,NoNeg,NoNeg
input_data/dodging_damned_great_bombs-13,NoNeg,NoNeg
input_data/drill_before_breakfast-1,NoNeg,NoNeg
input_data/drill_before_breakfast-2,NoNeg,NoNeg
input_data/drill_before_breakfast-3,NoNeg,NoNeg
input_data/drill_before_breakfast-4,NoNeg,NoNeg
input_data/drill_before_breakfast-5,NoNeg,NoNeg
input_data/drill_before_breakfast-6,NoNeg,NoNeg
input_data/drill_before_breakfast-7,NoNeg,NoNeg
input_data/drill_before_breakfast-8,NoNeg,NoNeg
input_data/drill_before_breakfast-9,NoNeg,NoNeg
input_data/drill_before_breakfast-10,NoNeg,NoNeg
input_data/drill_before_breakfast-11,NoNeg,NoNeg
input_data/drill_before_breakfast-12,NoNeg,NoNeg
input_data/drill_before_breakfast-13,NoNeg,NoNeg
input_data/drill_before_breakfast-14,NoNeg,NoNeg
input_data/drill_before_breakfast-15,NoNeg,NoNeg
input_data/drill_before_breakfast-16,NoNeg,NoNeg
input_data/drill_before_breakfast-17,NoNeg,NoNeg
input_data/drill_before_breakfast-18,NoNeg,NoNeg
input_data/drill_before_breakfast-19,NoNeg,NoNeg
input_data/drill_before_breakfast-20,NoNeg,NoNeg
input_data/drill_before_breakfast-21,NoNeg,NoNeg
input_data/drill_before_breakfast-22,Neg,Neg
input_data/drill_before_breakfast-23,NoNeg,NoNeg
input_data/drill_before_breakfast-24,NoNeg,NoNeg
input_data/drill_before_breakfast-25,NoNeg,NoNeg
input_data/drill_before_breakfast-26,NoNeg,NoNeg
input_data/drill_before_breakfast-27,NoNeg,NoNeg
input_data/drill_before_breakfast-28,NoNeg,NoNeg
input_data/drill_before_breakfast-29,NoNeg,NoNeg
input_data/drill_before_breakfast-30,NoNeg,NoNeg
input_data/drill_before_breakfast-31,Neg,Neg
input_data/drill_before_breakfast-32,NoNeg,NoNeg
input_data/drill_before_breakfast-33,NoNeg,NoNeg
input_data/drill_before_breakfast-34,NoNeg,NoNeg
input_data/drill_before_breakfast-35,NoNeg,NoNeg
input_data/drill_before_breakfast-36,NoNeg,NoNeg
input_data/drill_before_breakfast-37,NoNeg,NoNeg
input_data/drill_before_breakfast-38,NoNeg,NoNeg
input_data/drill_before_breakfast-39,NoNeg,NoNeg
input_data/drill_before_breakfast-40,NoNeg,NoNeg
input_data/drill_before_breakfast-41,NoNeg,NoNeg
input_data/drill_before_breakfast-42,NoNeg,NoNeg
input_data/drill_before_breakfast-43,NoNeg,NoNeg
input_data/drill_before_breakfast-44,NoNeg,NoNeg
input_data/drill_before_breakfast-45,NoNeg,NoNeg
input_data/drill_before_breakfast-46,NoNeg,NoNeg
input_data/got_married_a_week_before-1,NoNeg,NoNeg
input_data/got_married_a_week_before-2,NoNeg,NoNeg
input_data/got_married_a_week_before-3,NoNeg,NoNeg
input_data/got_married_a_week_before-4,NoNeg,NoNeg
input_data/got_married_a_week_before-5,NoNeg,NoNeg
input_data/got_married_a_week_before-6,NoNeg,NoNeg
input_data/got_married_a_week_before-7,NoNeg,NoNeg
input_data/got_married_a_week_before-8,NoNeg,NoNeg
input_data/got_married_a_week_before-9,NoNeg,NoNeg
input_data/got_married_a_week_before-10,NoNeg,NoNeg
input_data/got_married_a_week_before-11,NoNeg,NoNeg
input_data/got_married_a_week_before-12,NoNeg,NoNeg
input_data/got_married_a_week_before-13,NoNeg,NoNeg
input_data/got_married_a_week_before-14,NoNeg,NoNeg
input_data/got_married_a_week_before-15,NoNeg,NoNeg
input_data/got_married_a_week_before-16,NoNeg,NoNeg
input_data/got_married_a_week_before-17,NoNeg,NoNeg
input_data/got_married_a_week_before-18,NoNeg,NoNeg
input_data/got_married_a_week_before-19,NoNeg,NoNeg
input_data/got_married_a_week_before-20,NoNeg,NoNeg
input_data/got_married_a_week_before-21,NoNeg,NoNeg
input_data/got_married_a_week_before-22,NoNeg,NoNeg
input_data/got_married_a_week_before-23,NoNeg,NoNeg
input_data/had_a_game_of_football-1,NoNeg,NoNeg
input_data/had_a_game_of_football-2,NoNeg,NoNeg
input_data/had_a_game_of_football-3,NoNeg,NoNeg
input_data/had_a_game_of_football-4,NoNeg,NoNeg
input_data/had_a_game_of_football-5,Neg,Neg
input_data/had_a_game_of_football-6,Neg,Neg
input_data/had_a_game_of_football-7,Neg,Neg
input_data/had_a_game_of_football-8,NoNeg,NoNeg
input_data/had_a_game_of_football-9,NoNeg,NoNeg
input_data/had_a_game_of_football-10,NoNeg,NoNeg
input_data/had_a_game_of_football-11,NoNeg,NoNeg
input_data/had_a_game_of_football-12,NoNeg,NoNeg
input_data/had_a_game_of_football-13,NoNeg,NoNeg
input_data/had_a_game_of_football-14,NoNeg,NoNeg
input_data/had_a_game_of_football-15,NoNeg,NoNeg
input_data/had_a_game_of_football-16,Neg,NoNeg
input_data/had_a_game_of_football-17,NoNeg,NoNeg
input_data/had_a_game_of_football-18,NoNeg,NoNeg
input_data/had_a_game_of_football-19,NoNeg,NoNeg
input_data/had_a_game_of_football-20,NoNeg,NoNeg
input_data/had_a_game_of_football-21,NoNeg,NoNeg
input_data/had_a_game_of_football-22,NoNeg,NoNeg
input_data/had_a_game_of_football-23,NoNeg,NoNeg
input_data/had_a_game_of_football-24,NoNeg,NoNeg
input_data/had_a_game_of_football-25,NoNeg,NoNeg
input_data/had_a_game_of_football-26,NoNeg,NoNeg
input_data/had_a_game_of_football-27,NoNeg,NoNeg
input_data/had_a_game_of_football-28,NoNeg,NoNeg
input_data/had_a_game_of_football-29,NoNeg,NoNeg
input_data/had_a_game_of_football-30,NoNeg,NoNeg
input_data/handling_a_maxim-1,NoNeg,NoNeg
input_data/handling_a_maxim-2,NoNeg,NoNeg
input_data/handling_a_maxim-3,NoNeg,NoNeg
input_data/handling_a_maxim-4,NoNeg,NoNeg
input_data/handling_a_maxim-5,NoNeg,NoNeg
input_data/handling_a_maxim-6,NoNeg,NoNeg
input_data/handling_a_maxim-7,NoNeg,NoNeg
input_data/handling_a_maxim-8,NoNeg,Neg
input_data/handling_a_maxim-9,NoNeg,NoNeg
input_data/handling_a_maxim-10,NoNeg,NoNeg
input_data/handling_a_maxim-11,NoNeg,NoNeg
input_data/handling_a_maxim-12,NoNeg,NoNeg
input_data/handling_a_maxim-13,Neg,Neg
input_data/handling_a_maxim-14,NoNeg,NoNeg
input_data/handling_a_maxim-15,NoNeg,NoNeg
input_data/handling_a_maxim-16,NoNeg,NoNeg
input_data/handling_a_maxim-17,NoNeg,NoNeg
input_data/handling_a_maxim-18,NoNeg,NoNeg
input_data/handling_a_maxim-19,NoNeg,NoNeg
input_data/heaps_have_cameras_taking_photos-1,NoNeg,NoNeg
input_data/heaps_have_cameras_taking_photos-2,NoNeg,NoNeg
input_data/heaps_have_cameras_taking_photos-3,NoNeg,NoNeg
input_data/heaps_have_cameras_taking_photos-4,NoNeg,NoNeg
input_data/heaps_have_cameras_taking_photos-5,NoNeg,NoNeg
input_data/heaps_have_cameras_taking_photos-6,NoNeg,NoNeg
input_data/heaps_have_cameras_taking_photos-7,NoNeg,NoNeg
input_data/heaps_have_cameras_taking_photos-8,NoNeg,NoNeg
input_data/heaps_have_cameras_taking_photos-9,NoNeg,NoNeg
input_data/heaps_have_cameras_taking_photos-10,NoNeg,NoNeg
input_data/heaps_have_cameras_taking_photos-11,NoNeg,NoNeg
input_data/heaps_have_cameras_taking_photos-12,Neg,NoNeg
input_data/heaps_have_cameras_taking_photos-13,NoNeg,Neg
input_data/heaps_have_cameras_taking_photos-14,NoNeg,NoNeg
input_data/heaps_have_cameras_taking_photos-15,NoNeg,NoNeg
input_data/heaps_have_cameras_taking_photos-16,NoNeg,NoNeg
input_data/heaps_have_cameras_taking_photos-17,NoNeg,NoNeg
input_data/heaps_have_cameras_taking_photos-18,NoNeg,NoNeg
input_data/heaps_have_cameras_taking_photos-19,Neg,Neg
input_data/heaps_have_cameras_taking_photos-20,NoNeg,NoNeg
input_data/heaps_have_cameras_taking_photos-21,NoNeg,NoNeg
input_data/heaps_have_cameras_taking_photos-22,Neg,Neg
input_data/heaps_have_cameras_taking_photos-23,NoNeg,NoNeg
input_data/heaps_have_cameras_taking_photos-24,NoNeg,NoNeg
input_data/heaps_have_cameras_taking_photos-25,NoNeg,NoNeg
input_data/heaps_have_cameras_taking_photos-26,NoNeg,NoNeg
input_data/heaps_have_cameras_taking_photos-27,NoNeg,NoNeg
input_data/heaps_have_cameras_taking_photos-28,NoNeg,NoNeg
input_data/heaps_have_cameras_taking_photos-29,NoNeg,NoNeg
input_data/heaps_have_cameras_taking_photos-30,NoNeg,NoNeg
input_data/heaps_have_cameras_taking_photos-31,NoNeg,NoNeg
input_data/heaps_have_cameras_taking_photos-32,NoNeg,NoNeg
input_data/heaps_have_cameras_taking_photos-33,NoNeg,NoNeg
input_data/heaps_have_cameras_taking_photos-34,NoNeg,NoNeg
input_data/heaps_have_cameras_taking_photos-35,NoNeg,NoNeg
input_data/heaps_have_cameras_taking_photos-36,NoNeg,NoNeg
input_data/heaps_have_cameras_taking_photos-37,NoNeg,NoNeg
input_data/heaps_have_cameras_taking_photos-38,NoNeg,NoNeg
input_data/heaps_have_cameras_taking_photos-39,NoNeg,NoNeg
input_data/heaps_have_cameras_taking_photos-40,NoNeg,NoNeg
input_data/heaps_have_cameras_taking_photos-41,NoNeg,NoNeg
input_data/heaps_have_cameras_taking_photos-42,Neg,Neg
input_data/heaps_have_cameras_taking_photos-43,Neg,Neg
input_data/heaps_have_cameras_taking_photos-44,NoNeg,NoNeg
input_data/heaps_have_cameras_taking_photos-45,NoNeg,NoNeg
input_data/heaps_have_cameras_taking_photos-46,NoNeg,NoNeg
input_data/heaps_have_cameras_taking_photos-47,NoNeg,NoNeg
input_data/heaps_have_cameras_taking_photos-48,NoNeg,NoNeg
input_data/heaps_have_cameras_taking_photos-49,NoNeg,NoNeg
input_data/heaps_have_cameras_taking_photos-50,NoNeg,NoNeg
input_data/heaps_have_cameras_taking_photos-51,NoNeg,NoNeg
input_data/heaps_have_cameras_taking_photos-52,NoNeg,NoNeg
input_data/heaps_have_cameras_taking_photos-53,NoNeg,NoNeg
input_data/millions_of_flies-1,NoNeg,NoNeg
input_data/millions_of_flies-2,NoNeg,NoNeg
input_data/millions_of_flies-3,NoNeg,NoNeg
input_data/millions_of_flies-4,NoNeg,NoNeg
input_data/millions_of_flies-5,NoNeg,NoNeg
input_data/millions_of_flies-6,NoNeg,NoNeg
input_data/millions_of_flies-7,Neg,Neg
input_data/millions_of_flies-8,Neg,Neg
input_data/millions_of_flies-9,NoNeg,NoNeg
input_data/millions_of_flies-10,NoNeg,NoNeg
input_data/millions_of_flies-11,Neg,Neg
input_data/millions_of_flies-12,Neg,NoNeg
input_data/millions_of_flies-13,Neg,Neg
input_data/millions_of_flies-14,Neg,Neg
input_data/millions_of_flies-15,NoNeg,NoNeg
input_data/millions_of_flies-16,NoNeg,NoNeg
input_data/millions_of_flies-17,NoNeg,NoNeg
input_data/millions_of_flies-18,NoNeg,NoNeg
input_data/millions_of_flies-19,NoNeg,NoNeg
input_data/millions_of_flies-20,NoNeg,NoNeg
input_data/millions_of_flies-21,NoNeg,NoNeg
input_data/millions_of_flies-22,NoNeg,NoNeg
input_data/millions_of_flies-23,NoNeg,NoNeg
input_data/millions_of_flies-24,NoNeg,NoNeg
input_data/millions_of_flies-25,NoNeg,NoNeg
input_data/millions_of_flies-26,NoNeg,NoNeg
input_data/millions_of_flies-27,NoNeg,NoNeg
input_data/millions_of_flies-28,NoNeg,NoNeg
input_data/millions_of_flies-29,NoNeg,NoNeg
input_data/millions_of_flies-30,NoNeg,NoNeg
input_data/millions_of_flies-31,NoNeg,NoNeg
input_data/millions_of_flies-32,NoNeg,NoNeg
input_data/millions_of_flies-33,NoNeg,NoNeg
input_data/millions_of_flies-34,NoNeg,NoNeg
input_data/millions_of_flies-35,Neg,Neg
input_data/millions_of_flies-36,NoNeg,NoNeg
input_data/millions_of_flies-37,NoNeg,NoNeg
input_data/millions_of_flies-38,NoNeg,NoNeg
input_data/millions_of_flies-39,NoNeg,NoNeg
input_data/millions_of_flies-40,NoNeg,NoNeg
input_data/millions_of_flies-41,NoNeg,NoNeg
input_data/millions_of_flies-42,NoNeg,NoNeg
input_data/millions_of_flies-43,NoNeg,NoNeg
input_data/millions_of_flies-44,NoNeg,NoNeg
input_data/millions_of_flies-45,NoNeg,NoNeg
input_data/millions_of_flies-46,NoNeg,NoNeg
input_data/millions_of_flies-47,NoNeg,NoNeg
input_data/millions_of_flies-48,NoNeg,NoNeg
input_data/millions_of_flies-49,NoNeg,NoNeg
input_data/millions_of_flies-50,NoNeg,NoNeg
input_data/millions_of_flies-51,NoNeg,NoNeg
input_data/no_signs_of_moving-1,NoNeg,NoNeg
input_data/no_signs_of_moving-2,NoNeg,NoNeg
input_data/no_signs_of_moving-3,NoNeg,NoNeg
input_data/no_signs_of_moving-4,NoNeg,NoNeg
input_data/no_signs_of_moving-5,NoNeg,NoNeg
input_data/no_signs_of_moving-6,NoNeg,NoNeg
input_data/parched_with_the_heat-1,NoNeg,NoNeg
input_data/parched_with_the_heat-2,NoNeg,NoNeg
input_data/parched_with_the_heat-3,NoNeg,NoNeg
input_data/parched_with_the_heat-4,NoNeg,NoNeg
input_data/parched_with_the_heat-5,NoNeg,NoNeg
input_data/parched_with_the_heat-6,NoNeg,NoNeg
input_data/parched_with_the_heat-7,NoNeg,NoNeg
input_data/parched_with_the_heat-8,NoNeg,NoNeg
input_data/parched_with_the_heat-9,NoNeg,NoNeg
input_data/parched_with_the_heat-10,NoNeg,NoNeg
input_data/parched_with_the_heat-11,NoNeg,NoNeg
input_data/parched_with_the_heat-12,NoNeg,NoNeg
input_data/parched_with_the_heat-13,NoNeg,NoNeg
input_data/parched_with_the_heat-14,NoNeg,NoNeg
input_data/parched_with_the_heat-15,NoNeg,NoNeg
input_data/parched_with_the_heat-16,NoNeg,NoNeg
input_data/parched_with_the_heat-17,NoNeg,NoNeg
input_data/parched_with_the_heat-18,NoNeg,NoNeg
input_data/parched_with_the_heat-19,Neg,Neg
input_data/parched_with_the_heat-20,NoNeg,NoNeg
input_data/parched_with_the_heat-21,NoNeg,NoNeg
input_data/parched_with_the_heat-22,Neg,Neg
input_data/parched_with_the_heat-23,NoNeg,NoNeg
input_data/parched_with_the_heat-24,NoNeg,NoNeg
input_data/parched_with_the_heat-25,NoNeg,Neg
input_data/parched_with_the_heat-26,Neg,Neg
input_data/parched_with_the_heat-27,NoNeg,Neg
input_data/parched_with_the_heat-28,NoNeg,Neg
input_data/souvenirs_sent_over-1,NoNeg,NoNeg
input_data/souvenirs_sent_over-2,NoNeg,NoNeg
input_data/souvenirs_sent_over-3,NoNeg,NoNeg
input_data/souvenirs_sent_over-4,NoNeg,NoNeg
input_data/souvenirs_sent_over-5,NoNeg,NoNeg
input_data/souvenirs_sent_over-6,NoNeg,NoNeg
input_data/souvenirs_sent_over-7,NoNeg,NoNeg
input_data/souvenirs_sent_over-8,NoNeg,NoNeg
input_data/souvenirs_sent_over-9,NoNeg,NoNeg
input_data/souvenirs_sent_over-10,NoNeg,NoNeg
input_data/souvenirs_sent_over-11,NoNeg,NoNeg
input_data/souvenirs_sent_over-12,NoNeg,NoNeg
input_data/souvenirs_sent_over-13,NoNeg,NoNeg
input_data/souvenirs_sent_over-14,NoNeg,NoNeg
input_data/souvenirs_sent_over-15,NoNeg,NoNeg
input_data/souvenirs_sent_over-16,NoNeg,NoNeg
input_data/souvenirs_sent_over-17,NoNeg,NoNeg
input_data/souvenirs_sent_over-18,NoNeg,NoNeg
input_data/souvenirs_sent_over-19,NoNeg,NoNeg
input_data/souvenirs_sent_over-20,NoNeg,NoNeg
input_data/souvenirs_sent_over-21,NoNeg,NoNeg
input_data/souvenirs_sent_over-22,NoNeg,NoNeg
input_data/souvenirs_sent_over-23,NoNeg,NoNeg
input_data/souvenirs_sent_over-24,NoNeg,NoNeg
input_data/souvenirs_sent_over-25,NoNeg,NoNeg
input_data/souvenirs_sent_over-26,NoNeg,NoNeg
input_data/souvenirs_sent_over-27,NoNeg,NoNeg
input_data/souvenirs_sent_over-28,NoNeg,NoNeg
input_data/souvenirs_sent_over-29,NoNeg,NoNeg
input_data/swept_continually_with_shells-1,NoNeg,NoNeg
input_data/swept_continually_with_shells-2,NoNeg,NoNeg
input_data/swept_continually_with_shells-3,NoNeg,NoNeg
input_data/swept_continually_with_shells-4,NoNeg,NoNeg
input_data/swept_continually_with_shells-5,NoNeg,Neg
input_data/swept_continually_with_shells-6,NoNeg,NoNeg
input_data/swept_continually_with_shells-7,NoNeg,Neg
input_data/swept_continually_with_shells-8,NoNeg,NoNeg
input_data/swept_continually_with_shells-9,NoNeg,NoNeg
input_data/swept_continually_with_shells-10,NoNeg,NoNeg
input_data/swept_continually_with_shells-11,NoNeg,NoNeg
input_data/swept_continually_with_shells-12,Neg,Neg
input_data/swept_continually_with_shells-13,NoNeg,NoNeg
input_data/swept_continually_with_shells-14,Neg,Neg
input_data/swept_continually_with_shells-15,NoNeg,NoNeg
input_data/swept_continually_with_shells-16,NoNeg,NoNeg
input_data/swept_continually_with_shells-17,NoNeg,Neg
input_data/swept_continually_with_shells-18,NoNeg,NoNeg
input_data/swept_continually_with_shells-19,NoNeg,NoNeg
input_data/swept_continually_with_shells-20,NoNeg,NoNeg
input_data/swept_continually_with_shells-21,NoNeg,NoNeg
input_data/swept_continually_with_shells-22,NoNeg,NoNeg
input_data/swept_continually_with_shells-23,Neg,Neg
input_data/swept_continually_with_shells-24,NoNeg,NoNeg
input_data/swept_continually_with_shells-25,NoNeg,NoNeg
input_data/swept_continually_with_shells-26,NoNeg,NoNeg
input_data/swept_continually_with_shells-27,NoNeg,NoNeg
input_data/swept_continually_with_shells-28,NoNeg,NoNeg
input_data/the_biggest_gruelling-1,NoNeg,NoNeg
input_data/the_biggest_gruelling-2,NoNeg,NoNeg
input_data/the_biggest_gruelling-3,NoNeg,NoNeg
input_data/the_biggest_gruelling-4,NoNeg,NoNeg
input_data/the_biggest_gruelling-5,Neg,Neg
input_data/the_biggest_gruelling-6,Neg,Neg
input_data/the_biggest_gruelling-7,NoNeg,NoNeg
input_data/the_biggest_gruelling-8,NoNeg,NoNeg
input_data/the_biggest_gruelling-9,Neg,NoNeg
input_data/the_biggest_gruelling-10,NoNeg,Neg
input_data/the_biggest_gruelling-11,NoNeg,NoNeg
input_data/the_biggest_gruelling-12,NoNeg,NoNeg
input_data/the_biggest_gruelling-13,NoNeg,NoNeg
input_data/the_biggest_gruelling-14,NoNeg,NoNeg
input_data/the_biggest_gruelling-15,NoNeg,NoNeg
input_data/the_biggest_gruelling-16,NoNeg,NoNeg
input_data/the_biggest_gruelling-17,NoNeg,NoNeg
input_data/they_were_mostly_meer_boys-1,NoNeg,NoNeg
input_data/they_were_mostly_meer_boys-2,NoNeg,NoNeg
input_data/they_were_mostly_meer_boys-3,Neg,Neg
input_data/they_were_mostly_meer_boys-4,NoNeg,NoNeg
input_data/they_were_mostly_meer_boys-5,NoNeg,Neg
input_data/they_were_mostly_meer_boys-6,Neg,Neg
input_data/they_were_mostly_meer_boys-7,NoNeg,NoNeg
input_data/they_were_mostly_meer_boys-8,Neg,NoNeg
input_data/they_were_mostly_meer_boys-9,Neg,Neg
input_data/they_were_mostly_meer_boys-10,NoNeg,NoNeg
input_data/they_were_mostly_meer_boys-11,NoNeg,NoNeg
input_data/they_were_mostly_meer_boys-12,NoNeg,NoNeg
input_data/they_were_mostly_meer_boys-13,NoNeg,NoNeg
input_data/they_were_mostly_meer_boys-14,NoNeg,NoNeg
input_data/they_were_mostly_meer_boys-15,Neg,Neg
input_data/they_were_mostly_meer_boys-16,Neg,Neg
input_data/they_were_mostly_meer_boys-17,Neg,NoNeg
input_data/they_were_mostly_meer_boys-18,NoNeg,NoNeg
input_data/they_were_mostly_meer_boys-19,NoNeg,NoNeg
input_data/they_were_mostly_meer_boys-20,NoNeg,NoNeg
input_data/they_were_mostly_meer_boys-21,Neg,Neg
input_data/they_were_mostly_meer_boys-22,NoNeg,NoNeg
input_data/they_were_mostly_meer_boys-23,NoNeg,NoNeg
input_data/they_were_mostly_meer_boys-24,NoNeg,NoNeg
input_data/they_were_mostly_meer_boys-25,NoNeg,NoNeg
input_data/up_to_our_knees_in_water-1,NoNeg,NoNeg
input_data/up_to_our_knees_in_water-2,NoNeg,NoNeg
input_data/up_to_our_knees_in_water-3,NoNeg,NoNeg
input_data/up_to_our_knees_in_water-4,Neg,Neg
input_data/up_to_our_knees_in_water-5,NoNeg,NoNeg
input_data/up_to_our_knees_in_water-6,NoNeg,Neg
input_data/up_to_our_knees_in_water-7,Neg,NoNeg
input_data/up_to_our_knees_in_water-8,NoNeg,NoNeg
input_data/up_to_our_knees_in_water-9,NoNeg,NoNeg
input_data/up_to_our_knees_in_water-10,NoNeg,NoNeg
input_data/up_to_our_knees_in_water-11,NoNeg,NoNeg
input_data/up_to_our_knees_in_water-12,NoNeg,NoNeg
input_data/up_to_our_knees_in_water-13,NoNeg,NoNeg
input_data/up_to_our_knees_in_water-14,NoNeg,NoNeg
input_data/up_to_our_knees_in_water-15,NoNeg,NoNeg
input_data/up_to_our_knees_in_water-16,NoNeg,NoNeg
input_data/We_are_now_fully_equipped-1,NoNeg,NoNeg
input_data/We_are_now_fully_equipped-2,NoNeg,NoNeg
input_data/We_are_now_fully_equipped-3,NoNeg,NoNeg
input_data/We_are_now_fully_equipped-4,NoNeg,NoNeg
input_data/We_are_now_fully_equipped-5,NoNeg,NoNeg
input_data/We_are_now_fully_equipped-6,NoNeg,NoNeg
input_data/We_are_now_fully_equipped-7,NoNeg,NoNeg
input_data/We_are_now_fully_equipped-8,NoNeg,NoNeg
input_data/We_are_now_fully_equipped-9,NoNeg,NoNeg
input_data/We_are_now_fully_equipped-10,NoNeg,NoNeg
input_data/We_are_now_fully_equipped-11,NoNeg,NoNeg
input_data/We_are_now_fully_equipped-12,NoNeg,NoNeg
input_data/We_are_now_fully_equipped-13,NoNeg,NoNeg
